"Year,month",subcategory,Avg_leads
2019-01,Accessories for Phones & Gadgets,4186.492505211161
2019-01,Accommodation & Homestays,5590.723507308259
2019-01,Apartments,92674.40230085388
2019-01,Bags & Wallets,4961.988612384645
2019-01,Bed & Bath,1699.1316166637419
2019-01,Business for Sale,2198.3083652409678
2019-01,Cameras & Photography,8132.547199661421
2019-01,Car Accessories & Parts,54243.67469843627
2019-01,Cars,170131.2864975964
2019-01,Clothes,6928.493866498065
2019-01,Commercial Properties,7702.844311672257
2019-01,Commercial Vehicle & Boats,7512.81293469
2019-01,Computers & Accessories,20274.113209443094
2019-01,Food,1817.3485219055483
2019-01,Furniture & Decoration,13916.994073182968
2019-01,Games & Consoles,12923.97610055226
2019-01,Garden Items,2246.8643815483874
2019-01,Health & Beauty,3440.2577415119995
2019-01,Hobby & Collectibles,12883.364207253937
2019-01,Home Appliances & Kitchen,21603.310119204387
2019-01,Houses,85451.57441002163
2019-01,Jobs,62839.82611441741
2019-01,Land,12480.802647648
2019-01,Mobile Phones & Gadgets,125010.56057881548
2019-01,Moms & Kids,5357.466090474194
2019-01,Motorcycle Accessories & Parts,15590.036501450322
2019-01,Motorcycles,71661.87008249342
2019-01,Music Instruments,2803.033698042581
2019-01,Music/Movies/Books/Magazines,707.7693350659355
2019-01,Other Accessories & Parts,853.5519457662582
2019-01,Others,1870.697602379032
2019-01,Pets,19300.33341894619
2019-01,Professional/Business Equipment,3385.908517796646
2019-01,Rooms,48972.483417623625
2019-01,Services,6979.356416908709
2019-01,Shoes,7473.253352310967
2019-01,Sports & Outdoors,10958.509399167357
2019-01,TV/Audio/Video,11512.360206131612
2019-01,Textbooks,242.34677415251613
2019-01,Tickets & Vouchers,294.87727146787097
2019-01,Tours and Holidays,1102.1126592210971
2019-01,Watches & Fashion Accessories,8602.447679234323
2019-01,Wedding,493.0844378771612
2019-02,Accessories for Phones & Gadgets,3894.1745396669285
2019-02,Accommodation & Homestays,5468.581446358
2019-02,Apartments,82714.07678870001
2019-02,Bags & Wallets,4628.050240785571
2019-02,Bed & Bath,1430.6992578734287
2019-02,Business for Sale,2084.3262505476428
2019-02,Cameras & Photography,7464.368713408
2019-02,Car Accessories & Parts,48010.688308305354
2019-02,Cars,155370.50281285972
2019-02,Clothes,6787.661504777144
2019-02,Commercial Properties,6850.395927925714
2019-02,Commercial Vehicle & Boats,6755.566256687643
2019-02,Computers & Accessories,18606.991757528573
2019-02,Food,1880.9648593357144
2019-02,Furniture & Decoration,12545.748006783428
2019-02,Games & Consoles,12163.036944249001
2019-02,Garden Items,2089.71690157
2019-02,Health & Beauty,3489.2023845654285
2019-02,Hobby & Collectibles,13541.630060855143
2019-02,Home Appliances & Kitchen,20279.002232401715
2019-02,Houses,79431.48271533535
2019-02,Jobs,58844.33640116635
2019-02,Land,12408.33576298
2019-02,Mobile Phones & Gadgets,126772.822112155
2019-02,Moms & Kids,4955.027421504642
2019-02,Motorcycle Accessories & Parts,14286.83983789714
2019-02,Motorcycles,62376.349193896494
2019-02,Music Instruments,2537.845198855714
2019-02,Music/Movies/Books/Magazines,672.1152671590002
2019-02,Other Accessories & Parts,804.008443328
2019-02,Others,1959.0116584821426
2019-02,Pets,19331.77533116757
2019-02,Professional/Business Equipment,3159.1551029
2019-02,Rooms,45619.235258605506
2019-02,Services,6581.972843818928
2019-02,Shoes,7405.190077625429
2019-02,Sports & Outdoors,10357.863177757072
2019-02,TV/Audio/Video,10193.976141543428
2019-02,Textbooks,257.0192307257143
2019-02,Tickets & Vouchers,277.6851711437143
2019-02,Tours and Holidays,1036.7070123985714
2019-02,Watches & Fashion Accessories,8222.739834464142
2019-02,Wedding,416.54864579200006
2019-03,Accessories for Phones & Gadgets,2783.372522804451
2019-03,Accommodation & Homestays,5542.671375260646
2019-03,Apartments,90525.26048614901
2019-03,Bags & Wallets,3217.2284305885164
2019-03,Bed & Bath,1369.9943934529033
2019-03,Business for Sale,2165.7408339040644
2019-03,Cameras & Photography,6504.944862953291
2019-03,Car Accessories & Parts,46850.55390536329
2019-03,Cars,150902.99534276364
2019-03,Clothes,4585.33294879742
2019-03,Commercial Properties,8475.357617628388
2019-03,Commercial Vehicle & Boats,6937.431825216
2019-03,Computers & Accessories,15139.029900142454
2019-03,Food,1752.0466123445158
2019-03,Furniture & Decoration,11875.457309995356
2019-03,Games & Consoles,9428.799412964903
2019-03,Garden Items,1856.2464080503228
2019-03,Health & Beauty,2471.3470400960005
2019-03,Hobby & Collectibles,11719.87790690813
2019-03,Home Appliances & Kitchen,20436.623962046702
2019-03,Houses,85004.61715514613
2019-03,Jobs,57516.94829552517
2019-03,Land,12259.939720384002
2019-03,Mobile Phones & Gadgets,111792.18050091858
2019-03,Moms & Kids,4047.498149578839
2019-03,Motorcycle Accessories & Parts,12792.961870073805
2019-03,Motorcycles,59068.85523191825
2019-03,Music Instruments,2280.8291492593553
2019-03,Music/Movies/Books/Magazines,442.39913895212914
2019-03,Other Accessories & Parts,698.5582110238064
2019-03,Others,1905.1065849193546
2019-03,Pets,17837.56981591006
2019-03,Professional/Business Equipment,3246.4615559122576
2019-03,Rooms,44308.91445739973
2019-03,Services,6741.371313403549
2019-03,Shoes,4959.117607314581
2019-03,Sports & Outdoors,9006.015750485743
2019-03,TV/Audio/Video,8642.356299636127
2019-03,Textbooks,98.83808931329033
2019-03,Tickets & Vouchers,269.39110987896777
2019-03,Tours and Holidays,1093.6876416230323
2019-03,Watches & Fashion Accessories,6600.488521299871
2019-03,Wedding,278.5417989778065
2019-04,Accessories for Phones & Gadgets,2967.1654849416004
2019-04,Accommodation & Homestays,3991.456319022667
2019-04,Apartments,89940.88837914066
2019-04,Bags & Wallets,3743.7585451236005
2019-04,Bed & Bath,1353.186871768
2019-04,Business for Sale,2044.7338336496
2019-04,Cameras & Photography,6025.678622581334
2019-04,Car Accessories & Parts,45710.41858018681
2019-04,Cars,149822.77897295277
2019-04,Clothes,5010.053398250667
2019-04,Commercial Properties,8573.236245491998
2019-04,Commercial Vehicle & Boats,6625.295807796334
2019-04,Computers & Accessories,13747.532464411199
2019-04,Food,2065.021001569067
2019-04,Furniture & Decoration,11986.557087529598
2019-04,Games & Consoles,8514.0345400272
2019-04,Garden Items,1732.0080246000002
2019-04,Health & Beauty,2471.9940319253333
2019-04,Hobby & Collectibles,11964.044493312
2019-04,Home Appliances & Kitchen,19966.775819390405
2019-04,Houses,84826.23854016302
2019-04,Jobs,55421.5644334014
2019-04,Land,12251.477723825066
2019-04,Mobile Phones & Gadgets,102975.89804540826
2019-04,Moms & Kids,4284.2828940288
2019-04,Motorcycle Accessories & Parts,12608.749307103999
2019-04,Motorcycles,59182.2806366556
2019-04,Music Instruments,2136.1723529739998
2019-04,Music/Movies/Books/Magazines,511.3207136753333
2019-04,Other Accessories & Parts,738.0590805452666
2019-04,Others,1814.7452497499999
2019-04,Pets,17222.083597145338
2019-04,Professional/Business Equipment,3593.7039600391995
2019-04,Rooms,43219.941985880796
2019-04,Services,6593.852180688666
2019-04,Shoes,5119.510255249066
2019-04,Sports & Outdoors,8389.278661604867
2019-04,TV/Audio/Video,8955.0244249616
2019-04,Textbooks,142.47692305279998
2019-04,Tickets & Vouchers,266.55666760879996
2019-04,Tours and Holidays,913.9900400826001
2019-04,Watches & Fashion Accessories,6269.534647812
2019-04,Wedding,316.13322482186663
2019-05,Accessories for Phones & Gadgets,2785.5607947670323
2019-05,Accommodation & Homestays,3582.0455658526453
2019-05,Apartments,77333.56206582904
2019-05,Bags & Wallets,3398.122503932775
2019-05,Bed & Bath,1163.5883537685163
2019-05,Business for Sale,1960.3514391954193
2019-05,Cameras & Photography,5626.209348928
2019-05,Car Accessories & Parts,47465.090035555615
2019-05,Cars,145077.6254193058
2019-05,Clothes,5638.606932185807
2019-05,Commercial Properties,7206.858438317419
2019-05,Commercial Vehicle & Boats,5633.806096116
2019-05,Computers & Accessories,12585.598847670195
2019-05,Food,2220.0235132098064
2019-05,Furniture & Decoration,12573.767815302193
2019-05,Games & Consoles,9239.912344318065
2019-05,Garden Items,1476.3220671703227
2019-05,Health & Beauty,2055.00779792
2019-05,Hobby & Collectibles,10012.13068781316
2019-05,Home Appliances & Kitchen,18678.221952986318
2019-05,Houses,74038.07298883934
2019-05,Jobs,40363.201160133096
2019-05,Land,10640.438822976
2019-05,Mobile Phones & Gadgets,109771.58603413845
2019-05,Moms & Kids,3714.9010214210325
2019-05,Motorcycle Accessories & Parts,11926.14484401755
2019-05,Motorcycles,51135.37918155871
2019-05,Music Instruments,1862.436348125806
2019-05,Music/Movies/Books/Magazines,417.1092899752258
2019-05,Other Accessories & Parts,706.8873135917419
2019-05,Others,1574.8538236693548
2019-05,Pets,14883.354025855742
2019-05,Professional/Business Equipment,2835.178195380645
2019-05,Rooms,37349.72597415658
2019-05,Services,6375.029081670001
2019-05,Shoes,5111.565084077677
2019-05,Sports & Outdoors,5889.740044939548
2019-05,TV/Audio/Video,10030.400853488001
2019-05,Textbooks,100.36228286141935
2019-05,Tickets & Vouchers,293.92451776361287
2019-05,Tours and Holidays,678.9360610097419
2019-05,Watches & Fashion Accessories,6385.774401457935
2019-05,Wedding,234.17874483251614
2019-06,Accessories for Phones & Gadgets,3096.9591892821336
2019-06,Accommodation & Homestays,3728.1248707929326
2019-06,Apartments,71313.06024208301
2019-06,Bags & Wallets,3101.6836288126665
2019-06,Bed & Bath,1116.9101982210666
2019-06,Business for Sale,1591.0308794507998
2019-06,Cameras & Photography,5780.590707317334
2019-06,Car Accessories & Parts,37299.19285612887
2019-06,Cars,123078.4278691704
2019-06,Clothes,4224.187292218667
2019-06,Commercial Properties,6310.30784214
2019-06,Commercial Vehicle & Boats,4638.014617950599
2019-06,Computers & Accessories,12794.6670169968
2019-06,Food,1396.8452643496003
2019-06,Furniture & Decoration,11056.6255617264
2019-06,Games & Consoles,10275.6764902176
2019-06,Garden Items,1258.2200230320002
2019-06,Health & Beauty,1844.2178599231997
2019-06,Hobby & Collectibles,10005.958534878398
2019-06,Home Appliances & Kitchen,15059.190359616001
2019-06,Houses,71455.74802791298
2019-06,Jobs,37707.538282284404
2019-06,Land,9637.840757247466
2019-06,Mobile Phones & Gadgets,116592.56588179387
2019-06,Moms & Kids,3322.8416920400005
2019-06,Motorcycle Accessories & Parts,10013.139112767996
2019-06,Motorcycles,45747.8133771096
2019-06,Music Instruments,1702.8699633920005
2019-06,Music/Movies/Books/Magazines,388.05483334240006
2019-06,Other Accessories & Parts,466.88442428273333
2019-06,Others,1336.7012145
2019-06,Pets,13897.10032562733
2019-06,Professional/Business Equipment,2371.9125118848
2019-06,Rooms,34618.929612716405
2019-06,Services,4650.3779233076675
2019-06,Shoes,4917.043054296801
2019-06,Sports & Outdoors,5733.879507345001
2019-06,TV/Audio/Video,9284.8351777664
2019-06,Textbooks,105.76730767440002
2019-06,Tickets & Vouchers,212.28543473
2019-06,Tours and Holidays,729.4259879010001
2019-06,Watches & Fashion Accessories,5763.425034881199
2019-06,Wedding,274.6751830564
2019-07,Accessories for Phones & Gadgets,3532.527429193935
2019-07,Accommodation & Homestays,5102.419964932387
2019-07,Apartments,103514.11717830613
2019-07,Bags & Wallets,3849.8822757997423
2019-07,Bed & Bath,1362.8602655434838
2019-07,Business for Sale,2135.3127754287098
2019-07,Cameras & Photography,6669.34444178787
2019-07,Car Accessories & Parts,46002.12982323839
2019-07,Cars,147880.4248927649
2019-07,Clothes,5176.561508758709
2019-07,Commercial Properties,8881.698636836129
2019-07,Commercial Vehicle & Boats,6636.109750297999
2019-07,Computers & Accessories,15291.306815314065
2019-07,Food,1626.995266124129
2019-07,Furniture & Decoration,11497.16709443768
2019-07,Games & Consoles,10077.590554555354
2019-07,Garden Items,1759.0424890838708
2019-07,Health & Beauty,2527.999262152
2019-07,Hobby & Collectibles,12753.063200853418
2019-07,Home Appliances & Kitchen,17952.54172790168
2019-07,Houses,94490.75051057032
2019-07,Jobs,60810.827107924066
2019-07,Land,14898.372584848
2019-07,Mobile Phones & Gadgets,110305.35914891702
2019-07,Moms & Kids,4473.396165840194
2019-07,Motorcycle Accessories & Parts,13810.145114935744
2019-07,Motorcycles,65596.06138126006
2019-07,Music Instruments,2208.2424839554837
2019-07,Music/Movies/Books/Magazines,542.7501835225806
2019-07,Other Accessories & Parts,534.752527187742
2019-07,Others,2142.663261532258
2019-07,Pets,17941.934870396257
2019-07,Professional/Business Equipment,3451.6165103076128
2019-07,Rooms,48882.07102489199
2019-07,Services,6011.059209310322
2019-07,Shoes,6292.290397090064
2019-07,Sports & Outdoors,8206.78488729
2019-07,TV/Audio/Video,9668.719137600003
2019-07,Textbooks,164.14392056774193
2019-07,Tickets & Vouchers,280.9432485430968
2019-07,Tours and Holidays,946.7312632339355
2019-07,Watches & Fashion Accessories,6667.785220779099
2019-07,Wedding,324.48059001896775
2019-08,Accessories for Phones & Gadgets,3319.3897400385813
2019-08,Accommodation & Homestays,8203.203046318451
2019-08,Apartments,96574.35625260224
2019-08,Bags & Wallets,3441.860361351097
2019-08,Bed & Bath,1261.2896309009031
2019-08,Business for Sale,2161.3430285775485
2019-08,Cameras & Photography,7063.7174060077405
2019-08,Car Accessories & Parts,43406.74723194581
2019-08,Cars,141633.58742341315
2019-08,Clothes,4439.257567692904
2019-08,Commercial Properties,8341.135267703226
2019-08,Commercial Vehicle & Boats,6066.443164568001
2019-08,Computers & Accessories,14985.577101456
2019-08,Food,1543.225348868387
2019-08,Furniture & Decoration,10239.952818676646
2019-08,Games & Consoles,9961.760243588516
2019-08,Garden Items,1650.3038652709681
2019-08,Health & Beauty,2269.485589344
2019-08,Hobby & Collectibles,12925.694298262455
2019-08,Home Appliances & Kitchen,16760.73725077239
2019-08,Houses,84430.00929255097
2019-08,Jobs,54915.36361227677
2019-08,Land,13166.754247264002
2019-08,Mobile Phones & Gadgets,116585.86912636596
2019-08,Moms & Kids,4196.779570544517
2019-08,Motorcycle Accessories & Parts,13645.913648609034
2019-08,Motorcycles,62383.30714726896
2019-08,Music Instruments,2002.483172676774
2019-08,Music/Movies/Books/Magazines,472.88553223935486
2019-08,Other Accessories & Parts,602.9545989396772
2019-08,Others,1986.7819989919356
2019-08,Pets,17744.53852299703
2019-08,Professional/Business Equipment,3028.043321547097
2019-08,Rooms,49613.3117958362
2019-08,Services,5446.063095270001
2019-08,Shoes,5169.906246268386
2019-08,Sports & Outdoors,8341.314680144387
2019-08,TV/Audio/Video,10924.959527341935
2019-08,Textbooks,110.32816375303227
2019-08,Tickets & Vouchers,272.0111825656775
2019-08,Tours and Holidays,985.2456293965163
2019-08,Watches & Fashion Accessories,6553.310240720902
2019-08,Wedding,321.32911622722577
2019-09,Accessories for Phones & Gadgets,3126.3549759794664
2019-09,Accommodation & Homestays,6272.598496101466
2019-09,Apartments,89780.67814006901
2019-09,Bags & Wallets,3263.6761335208
2019-09,Bed & Bath,1291.9623503306668
2019-09,Business for Sale,2117.9355014088005
2019-09,Cameras & Photography,6869.670095488
2019-09,Car Accessories & Parts,41200.45579705907
2019-09,Cars,145208.39816836317
2019-09,Clothes,4491.919241413333
2019-09,Commercial Properties,8040.596403768
2019-09,Commercial Vehicle & Boats,6330.414477348133
2019-09,Computers & Accessories,14727.8587115088
2019-09,Food,2166.4260555842666
2019-09,Furniture & Decoration,10160.6383957584
2019-09,Games & Consoles,10353.6036984096
2019-09,Garden Items,1675.143531749333
2019-09,Health & Beauty,2279.1985541818667
2019-09,Hobby & Collectibles,10829.341866582134
2019-09,Home Appliances & Kitchen,16383.543812531998
2019-09,Houses,83285.56095129899
2019-09,Jobs,55577.96372399481
2019-09,Land,12205.683389506135
2019-09,Mobile Phones & Gadgets,119474.07508103759
2019-09,Moms & Kids,3990.4418203130003
2019-09,Motorcycle Accessories & Parts,12837.741041593603
2019-09,Motorcycles,58845.175135372796
2019-09,Music Instruments,2033.5956272380001
2019-09,Music/Movies/Books/Magazines,455.2365280446666
2019-09,Other Accessories & Parts,642.3870652033333
2019-09,Others,1690.615763625
2019-09,Pets,18645.769334757333
2019-09,Professional/Business Equipment,3045.6141254704
2019-09,Rooms,48365.8284802854
2019-09,Services,5491.608233214334
2019-09,Shoes,5330.817746358135
2019-09,Sports & Outdoors,8497.011584628597
2019-09,TV/Audio/Video,11035.589543089602
2019-09,Textbooks,127.33269228613332
2019-09,Tickets & Vouchers,222.13055634066671
2019-09,Tours and Holidays,852.8003408418
2019-09,Watches & Fashion Accessories,6398.645483491199
2019-09,Wedding,293.7133170393332
2019-10,Accessories for Phones & Gadgets,3136.231376770581
2019-10,Accommodation & Homestays,6452.820755535227
2019-10,Apartments,91720.7397710439
2019-10,Bags & Wallets,3178.6012467272258
2019-10,Bed & Bath,1260.322291523355
2019-10,Business for Sale,1912.0944402071611
2019-10,Cameras & Photography,6936.987886255485
2019-10,Car Accessories & Parts,43152.98177977264
2019-10,Cars,156596.778976968
2019-10,Clothes,4513.996635396129
2019-10,Commercial Properties,8351.054985170322
2019-10,Commercial Vehicle & Boats,6722.422869348
2019-10,Computers & Accessories,14154.69780987097
2019-10,Food,1890.2549052232257
2019-10,Furniture & Decoration,9915.985960247224
2019-10,Games & Consoles,10724.260693503486
2019-10,Garden Items,1650.784477972903
2019-10,Health & Beauty,2118.8173670879996
2019-10,Hobby & Collectibles,8607.079091572388
2019-10,Home Appliances & Kitchen,14602.834343115872
2019-10,Houses,86973.05437221193
2019-10,Jobs,48867.1236858
2019-10,Land,11133.225681408
2019-10,Mobile Phones & Gadgets,125102.15897268284
2019-10,Moms & Kids,3730.275130026774
2019-10,Motorcycle Accessories & Parts,11879.52892562787
2019-10,Motorcycles,55221.95841208201
2019-10,Music Instruments,1997.0071321161292
2019-10,Music/Movies/Books/Magazines,405.9078500174194
2019-10,Other Accessories & Parts,494.79697718793557
2019-10,Others,1690.2035089112903
2019-10,Pets,18478.989884941155
2019-10,Professional/Business Equipment,2813.762257080774
2019-10,Rooms,43558.00288209096
2019-10,Services,5218.940900476775
2019-10,Shoes,5922.162657326194
2019-10,Sports & Outdoors,8306.484203801549
2019-10,TV/Audio/Video,13464.009069091615
2019-10,Textbooks,107.74875928696775
2019-10,Tickets & Vouchers,248.54962259832251
2019-10,Tours and Holidays,873.072537948
2019-10,Watches & Fashion Accessories,6783.319064989935
2019-10,Wedding,261.451114184129
2019-11,Accessories for Phones & Gadgets,2685.8704183917334
2019-11,Accommodation & Homestays,5898.726556273598
2019-11,Apartments,99856.69901777866
2019-11,Bags & Wallets,3194.285864256133
2019-11,Bed & Bath,1162.8910633005335
2019-11,Business for Sale,1855.3429415612
2019-11,Cameras & Photography,6904.751306888534
2019-11,Car Accessories & Parts,45114.264178260855
2019-11,Cars,160908.6417897024
2019-11,Clothes,4115.436885087999
2019-11,Commercial Properties,8307.232694220002
2019-11,Commercial Vehicle & Boats,6860.142891578401
2019-11,Computers & Accessories,13598.6852094912
2019-11,Food,1337.9729574674668
2019-11,Furniture & Decoration,9778.974250897598
2019-11,Games & Consoles,11119.6038026844
2019-11,Garden Items,1474.007115989333
2019-11,Health & Beauty,1876.4340093250667
2019-11,Hobby & Collectibles,5663.8607693216
2019-11,Home Appliances & Kitchen,13919.863236052803
2019-11,Houses,91011.78110215502
2019-11,Jobs,48751.01833929839
2019-11,Land,11053.109681729067
2019-11,Mobile Phones & Gadgets,124090.90562203721
2019-11,Moms & Kids,3644.5752325138
2019-11,Motorcycle Accessories & Parts,11007.659849612799
2019-11,Motorcycles,53917.9498747224
2019-11,Music Instruments,1889.843736946
2019-11,Music/Movies/Books/Magazines,606.9024853565334
2019-11,Other Accessories & Parts,459.89924454460004
2019-11,Others,1612.544517
2019-11,Pets,18239.646813719603
2019-11,Professional/Business Equipment,2785.463203762934
2019-11,Rooms,44933.8066332358
2019-11,Services,5244.787131550001
2019-11,Shoes,5300.9817670789325
2019-11,Sports & Outdoors,7582.489507122201
2019-11,TV/Audio/Video,12370.588985496004
2019-11,Textbooks,144.53653843706667
2019-11,Tickets & Vouchers,302.6144255078667
2019-11,Tours and Holidays,936.6252540294
2019-11,Watches & Fashion Accessories,6355.000671806799
2019-11,Wedding,278.1822077374667
2019-12,Accessories for Phones & Gadgets,3295.6469892445803
2019-12,Accommodation & Homestays,6685.175666541809
2019-12,Apartments,92230.47919547255
2019-12,Bags & Wallets,3678.734138075871
2019-12,Bed & Bath,1353.0659543458069
2019-12,Business for Sale,2028.1014131444515
2019-12,Cameras & Photography,6996.748412083611
2019-12,Car Accessories & Parts,46962.55826300632
2019-12,Cars,168416.75053447197
2019-12,Clothes,3987.2988802322575
2019-12,Commercial Properties,7410.886207455485
2019-12,Commercial Vehicle & Boats,6800.997570828001
2019-12,Computers & Accessories,14394.225281843612
2019-12,Food,1288.6565369197422
2019-12,Furniture & Decoration,10987.827583585547
2019-12,Games & Consoles,12587.208014343483
2019-12,Garden Items,1540.8443224051612
2019-12,Health & Beauty,1985.6179242239998
2019-12,Hobby & Collectibles,5284.0487069261935
2019-12,Home Appliances & Kitchen,14698.523181102968
2019-12,Houses,83342.51737956
2019-12,Jobs,51282.15282046375
2019-12,Land,10736.419059087999
2019-12,Mobile Phones & Gadgets,119420.10757372297
2019-12,Moms & Kids,4087.752495012194
2019-12,Motorcycle Accessories & Parts,11053.949058147096
2019-12,Motorcycles,55644.95500360317
2019-12,Music Instruments,2024.8533809245164
2019-12,Music/Movies/Books/Magazines,533.7428400513548
2019-12,Other Accessories & Parts,526.4234246198064
2019-12,Others,1611.7118441129035
2019-12,Pets,20045.88242243071
2019-12,Professional/Business Equipment,2652.0475866232264
2019-12,Rooms,49078.77906853782
2019-12,Services,5370.022734286451
2019-12,Shoes,5264.012560840774
2019-12,Sports & Outdoors,7906.40124903129
2019-12,TV/Audio/Video,11640.698879511225
2019-12,Textbooks,166.4888337187097
2019-12,Tickets & Vouchers,269.98658094412906
2019-12,Tours and Holidays,958.4059304769678
2019-12,Watches & Fashion Accessories,6867.32228776645
2019-12,Wedding,273.45095669883864
2020-01,Accessories for Phones & Gadgets,2434.452558370968
2020-01,Accommodation & Homestays,4635.857232943097
2020-01,Apartments,88532.38646806516
2020-01,Bags & Wallets,3426.290634933162
2020-01,Bed & Bath,1311.470361111226
2020-01,Business for Sale,1905.5571620190963
2020-01,Cameras & Photography,6063.9493873383235
2020-01,Car Accessories & Parts,39595.98047923664
2020-01,Cars,166650.52406926992
2020-01,Clothes,5632.5305852180645
2020-01,Commercial Properties,7010.546004987095
2020-01,Commercial Vehicle & Boats,6389.551861259999
2020-01,Computers & Accessories,13814.161943973679
2020-01,Food,1218.2849781876128
2020-01,Furniture & Decoration,11578.419979031229
2020-01,Games & Consoles,10165.847831171997
2020-01,Garden Items,1687.3110433200002
2020-01,Health & Beauty,2343.12134692
2020-01,Hobby & Collectibles,5357.121322130838
2020-01,Home Appliances & Kitchen,17407.713406612642
2020-01,Houses,81114.33579325837
2020-01,Jobs,54244.5221859813
2020-01,Land,11443.806646191997
2020-01,Mobile Phones & Gadgets,101923.87003171933
2020-01,Moms & Kids,4938.844369888839
2020-01,Motorcycle Accessories & Parts,11662.466085126192
2020-01,Motorcycles,68745.40135666664
2020-01,Music Instruments,2213.1359670096776
2020-01,Music/Movies/Books/Magazines,466.53420030451605
2020-01,Other Accessories & Parts,578.5708493929678
2020-01,Others,1713.591820887097
2020-01,Pets,19921.329105142326
2020-01,Professional/Business Equipment,2743.1870058652908
2020-01,Rooms,49937.20808385174
2020-01,Services,5500.6273608690335
2020-01,Shoes,5578.650844916129
2020-01,Sports & Outdoors,8953.770035971485
2020-01,TV/Audio/Video,9235.994861740386
2020-01,Textbooks,155.8194788818065
2020-01,Tickets & Vouchers,222.8252725833549
2020-01,Tours and Holidays,793.8773725261935
2020-01,Watches & Fashion Accessories,7017.916300587097
2020-01,Wedding,264.7237985063226
2020-02,Accessories for Phones & Gadgets,2496.263695548483
2020-02,Accommodation & Homestays,3143.762073705931
2020-02,Apartments,96682.30465182586
2020-02,Bags & Wallets,3436.057062428276
2020-02,Bed & Bath,1098.4222023387583
2020-02,Business for Sale,1918.93911392131
2020-02,Cameras & Photography,5791.382695472554
2020-02,Car Accessories & Parts,38117.65347755317
2020-02,Cars,163812.09582258703
2020-02,Clothes,4997.954623164139
2020-02,Commercial Properties,8504.407313863449
2020-02,Commercial Vehicle & Boats,6173.023958707173
2020-02,Computers & Accessories,13761.405321864828
2020-02,Food,1311.5948263958621
2020-02,Furniture & Decoration,10408.018206420413
2020-02,Games & Consoles,9656.465886244552
2020-02,Garden Items,1710.3017319668966
2020-02,Health & Beauty,5142.351017835863
2020-02,Hobby & Collectibles,4865.701665129931
2020-02,Home Appliances & Kitchen,15634.219782974898
2020-02,Houses,88406.97977347758
2020-02,Jobs,54669.9837634078
2020-02,Land,11326.245079786482
2020-02,Mobile Phones & Gadgets,99845.57069336718
2020-02,Moms & Kids,4333.91224867407
2020-02,Motorcycle Accessories & Parts,10602.33519485131
2020-02,Motorcycles,63958.15531041145
2020-02,Music Instruments,2079.806633153793
2020-02,Music/Movies/Books/Magazines,432.91395232593106
2020-02,Other Accessories & Parts,534.8565889389655
2020-02,Others,1713.0471210775866
2020-02,Pets,19411.77393234552
2020-02,Professional/Business Equipment,2928.860337704552
2020-02,Rooms,47950.987689323796
2020-02,Services,5113.450561058966
2020-02,Shoes,5796.232773209932
2020-02,Sports & Outdoors,8590.73023186855
2020-02,TV/Audio/Video,7889.4525468761385
2020-02,Textbooks,154.15782490758622
2020-02,Tickets & Vouchers,140.92952098717242
2020-02,Tours and Holidays,500.8652210774482
2020-02,Watches & Fashion Accessories,7214.033358069931
2020-02,Wedding,256.15964757889657
2020-03,Accessories for Phones & Gadgets,2611.812000938129
2020-03,Accommodation & Homestays,2287.6026565289026
2020-03,Apartments,67441.13644334419
2020-03,Bags & Wallets,3062.2442836496775
2020-03,Bed & Bath,907.0015838738065
2020-03,Business for Sale,1350.0073756370323
2020-03,Cameras & Photography,4672.715044810323
2020-03,Car Accessories & Parts,32979.510518916904
2020-03,Cars,114401.90271748876
2020-03,Clothes,5037.899270954838
2020-03,Commercial Properties,5834.998252312258
2020-03,Commercial Vehicle & Boats,4659.836955498
2020-03,Computers & Accessories,13680.346399985032
2020-03,Food,1184.2459051816772
2020-03,Furniture & Decoration,8074.563444258581
2020-03,Games & Consoles,18825.783786294967
2020-03,Garden Items,1392.8156102090322
2020-03,Health & Beauty,15329.339160352001
2020-03,Hobby & Collectibles,5277.190759220903
2020-03,Home Appliances & Kitchen,16153.830795839229
2020-03,Houses,65602.08503746838
2020-03,Jobs,36773.2513436907
2020-03,Land,8215.643272016001
2020-03,Mobile Phones & Gadgets,96913.69757334323
2020-03,Moms & Kids,3250.039615410774
2020-03,Motorcycle Accessories & Parts,8196.871372843354
2020-03,Motorcycles,45115.9568361418
2020-03,Music Instruments,2016.8140873354841
2020-03,Music/Movies/Books/Magazines,506.7208096376774
2020-03,Other Accessories & Parts,417.9036679738065
2020-03,Others,1684.2033660483874
2020-03,Pets,17066.165668836773
2020-03,Professional/Business Equipment,2065.056186858581
2020-03,Rooms,29710.367503971673
2020-03,Services,3951.351828711612
2020-03,Shoes,5516.269765180645
2020-03,Sports & Outdoors,7530.045095259677
2020-03,TV/Audio/Video,8902.03707169497
2020-03,Textbooks,217.25620343716125
2020-03,Tickets & Vouchers,124.09616997961288
2020-03,Tours and Holidays,334.95462822019357
2020-03,Watches & Fashion Accessories,6973.561657748515
2020-03,Wedding,229.08790255354842
2020-04,Accessories for Phones & Gadgets,4112.357498238866
2020-04,Accommodation & Homestays,435.0138514623999
2020-04,Apartments,41336.014758234676
2020-04,Bags & Wallets,3428.247745582133
2020-04,Bed & Bath,1060.4337008952002
2020-04,Business for Sale,1003.452391934
2020-04,Cameras & Photography,4040.466508942933
2020-04,Car Accessories & Parts,23707.68425599987
2020-04,Cars,64362.21952079041
2020-04,Clothes,5979.6398803013335
2020-04,Commercial Properties,3119.151061728
2020-04,Commercial Vehicle & Boats,2729.7129083500668
2020-04,Computers & Accessories,22017.364439803197
2020-04,Food,2911.809330854667
2020-04,Furniture & Decoration,8742.651745681598
2020-04,Games & Consoles,36412.4621178144
2020-04,Garden Items,1849.0892838973334
2020-04,Health & Beauty,7600.754874835732
2020-04,Hobby & Collectibles,6737.961209892534
2020-04,Home Appliances & Kitchen,22466.547035930405
2020-04,Houses,42961.77471138
2020-04,Jobs,12454.380470197999
2020-04,Land,7145.409447264001
2020-04,Mobile Phones & Gadgets,144557.86636597133
2020-04,Moms & Kids,3537.6136860766
2020-04,Motorcycle Accessories & Parts,6772.177347392
2020-04,Motorcycles,30239.625487102203
2020-04,Music Instruments,3070.0780590000004
2020-04,Music/Movies/Books/Magazines,883.7435718738667
2020-04,Other Accessories & Parts,355.49575452999994
2020-04,Others,1439.69958525
2020-04,Pets,24612.43992094973
2020-04,Professional/Business Equipment,1512.4965863794664
2020-04,Rooms,15687.385028146999
2020-04,Services,3361.9537093923336
2020-04,Shoes,5512.534821803467
2020-04,Sports & Outdoors,7307.480689044801
2020-04,TV/Audio/Video,12768.558239875734
2020-04,Textbooks,216.6230768864
2020-04,Tickets & Vouchers,76.66888454306667
2020-04,Tours and Holidays,124.991153937
2020-04,Watches & Fashion Accessories,8226.743069280401
2020-04,Wedding,120.74184973386667
2020-05,Accessories for Phones & Gadgets,3893.045235029097
2020-05,Accommodation & Homestays,576.378529907871
2020-05,Apartments,76074.22746953066
2020-05,Bags & Wallets,3072.7033365105804
2020-05,Bed & Bath,1414.9756745089035
2020-05,Business for Sale,1353.3354445327739
2020-05,Cameras & Photography,4698.874808061936
2020-05,Car Accessories & Parts,37227.70130386639
2020-05,Cars,117916.62661154555
2020-05,Clothes,6210.755762668388
2020-05,Commercial Properties,5805.4840312064525
2020-05,Commercial Vehicle & Boats,4970.087973765999
2020-05,Computers & Accessories,22143.180056279227
2020-05,Food,5500.327938774712
2020-05,Furniture & Decoration,16802.05185400103
2020-05,Games & Consoles,29375.06176180684
2020-05,Garden Items,2061.8284913032257
2020-05,Health & Beauty,5920.5817932400005
2020-05,Hobby & Collectibles,6397.046323303741
2020-05,Home Appliances & Kitchen,24723.842737011095
2020-05,Houses,81275.97052325903
2020-05,Jobs,29905.423349575547
2020-05,Land,10474.972267871999
2020-05,Mobile Phones & Gadgets,168940.4892582617
2020-05,Moms & Kids,3611.507207057226
2020-05,Motorcycle Accessories & Parts,8625.02065405316
2020-05,Motorcycles,49146.285270624394
2020-05,Music Instruments,2509.4247147909673
2020-05,Music/Movies/Books/Magazines,684.0961887633548
2020-05,Other Accessories & Parts,544.1680344384516
2020-05,Others,2059.7633285080647
2020-05,Pets,27779.521855883868
2020-05,Professional/Business Equipment,2342.1248886131616
2020-05,Rooms,25791.478994692647
2020-05,Services,5351.543303374193
2020-05,Shoes,5319.026732112258
2020-05,Sports & Outdoors,6660.218233033484
2020-05,TV/Audio/Video,13289.694885356386
2020-05,Textbooks,169.53722081496778
2020-05,Tickets & Vouchers,88.24881185690322
2020-05,Tours and Holidays,129.86562840445163
2020-05,Watches & Fashion Accessories,8932.813294859612
2020-05,Wedding,172.84621642399998
2020-06,Accessories for Phones & Gadgets,3522.2936106489333
2020-06,Accommodation & Homestays,2321.477968470267
2020-06,Apartments,105201.26193384535
2020-06,Bags & Wallets,2993.8523785217335
2020-06,Bed & Bath,1614.5780939045335
2020-06,Business for Sale,1697.1487333836003
2020-06,Cameras & Photography,5382.322845013333
2020-06,Car Accessories & Parts,44381.585867496935
2020-06,Cars,185053.8125537112
2020-06,Clothes,5066.061113701334
2020-06,Commercial Properties,9040.450856004001
2020-06,Commercial Vehicle & Boats,7957.490187197066
2020-06,Computers & Accessories,22074.959214360006
2020-06,Food,2482.4905166845333
2020-06,Furniture & Decoration,17246.013746235203
2020-06,Games & Consoles,18259.6842532764
2020-06,Garden Items,2724.901800422666
2020-06,Health & Beauty,4673.598047275466
2020-06,Hobby & Collectibles,5934.615697805867
2020-06,Home Appliances & Kitchen,21417.4465125192
2020-06,Houses,120277.21000583102
2020-06,Jobs,56230.87258707501
2020-06,Land,18396.131636869333
2020-06,Mobile Phones & Gadgets,126966.92599999893
2020-06,Moms & Kids,4208.973233782199
2020-06,Motorcycle Accessories & Parts,10758.041567302398
2020-06,Motorcycles,65113.298808253196
2020-06,Music Instruments,2195.045614576
2020-06,Music/Movies/Books/Magazines,572.6553337054667
2020-06,Other Accessories & Parts,654.7358650975334
2020-06,Others,2361.497043375
2020-06,Pets,30031.961361196136
2020-06,Professional/Business Equipment,3447.596965827466
2020-06,Rooms,33362.09553798939
2020-06,Services,5756.492562392001
2020-06,Shoes,5333.027818897334
2020-06,Sports & Outdoors,10847.93237684493
2020-06,TV/Audio/Video,12254.922456553599
2020-06,Textbooks,147.4442307442667
2020-06,Tickets & Vouchers,112.603578422
2020-06,Tours and Holidays,263.1654544584
2020-06,Watches & Fashion Accessories,9960.1350609132
2020-06,Wedding,187.75107131853332
2020-07,Accessories for Phones & Gadgets,2873.398072398806
2020-07,Accommodation & Homestays,3274.0876486536126
2020-07,Apartments,92901.06026026969
2020-07,Bags & Wallets,2469.2549724743226
2020-07,Bed & Bath,1191.9557640015487
2020-07,Business for Sale,1688.9464219768386
2020-07,Cameras & Photography,4589.5093468056775
2020-07,Car Accessories & Parts,40685.6996788909
2020-07,Cars,181741.79919733066
2020-07,Clothes,3669.1786073161284
2020-07,Commercial Properties,9495.450368855483
2020-07,Commercial Vehicle & Boats,7421.880524926195
2020-07,Computers & Accessories,18428.28622802529
2020-07,Food,1923.821901420129
2020-07,Furniture & Decoration,13199.465718461677
2020-07,Games & Consoles,10210.570629311875
2020-07,Garden Items,2145.032788189678
2020-07,Health & Beauty,3351.522047477162
2020-07,Hobby & Collectibles,4995.832914891098
2020-07,Home Appliances & Kitchen,14987.325885565935
2020-07,Houses,99595.58251915437
2020-07,Jobs,50880.682796071225
2020-07,Land,17143.114874186067
2020-07,Mobile Phones & Gadgets,103852.5888110925
2020-07,Moms & Kids,3129.294609702355
2020-07,Motorcycle Accessories & Parts,9595.653988118707
2020-07,Motorcycles,62155.477733331936
2020-07,Music Instruments,2014.8799952112902
2020-07,Music/Movies/Books/Magazines,534.7695320067097
2020-07,Other Accessories & Parts,552.9876182960645
2020-07,Others,1990.0526108266133
2020-07,Pets,25206.91988348387
2020-07,Professional/Business Equipment,2997.4518399447747
2020-07,Rooms,30217.517390257937
2020-07,Services,4712.2434222216125
2020-07,Shoes,4488.241992674581
2020-07,Sports & Outdoors,11617.318115819577
2020-07,TV/Audio/Video,9468.032639079485
2020-07,Textbooks,93.9813895695484
2020-07,Tickets & Vouchers,139.08417578535483
2020-07,Tours and Holidays,363.78301428448384
2020-07,Watches & Fashion Accessories,7825.778201778064
2020-07,Wedding,146.65786503058064
2020-08,Accessories for Phones & Gadgets,2585.750657879484
2020-08,Accommodation & Homestays,5001.64330455987
2020-08,Apartments,90015.77098852597
2020-08,Bags & Wallets,2068.1892972336127
2020-08,Bed & Bath,1160.2134998843874
2020-08,Business for Sale,1526.3940062462577
2020-08,Cameras & Photography,4639.70324614916
2020-08,Car Accessories & Parts,39420.046183712395
2020-08,Cars,176067.51438716616
2020-08,Clothes,3369.002496646452
2020-08,Commercial Properties,9210.74759474516
2020-08,Commercial Vehicle & Boats,7177.581913288032
2020-08,Computers & Accessories,16486.853994800258
2020-08,Food,1360.8138986847744
2020-08,Furniture & Decoration,13913.210440944773
2020-08,Games & Consoles,8509.806629492708
2020-08,Garden Items,1786.0346473967743
2020-08,Health & Beauty,3212.487332381935
2020-08,Hobby & Collectibles,4189.607889782452
2020-08,Home Appliances & Kitchen,15832.817654905934
2020-08,Houses,96010.62601290309
2020-08,Jobs,47386.10753369582
2020-08,Land,15888.335519831224
2020-08,Mobile Phones & Gadgets,102506.58127417631
2020-08,Moms & Kids,3032.523837765677
2020-08,Motorcycle Accessories & Parts,9273.88599514426
2020-08,Motorcycles,58176.96383008028
2020-08,Music Instruments,1749.8367830203229
2020-08,Music/Movies/Books/Magazines,471.67697499361293
2020-08,Other Accessories & Parts,603.4304490361613
2020-08,Others,1303.2797169153225
2020-08,Pets,24096.613871900838
2020-08,Professional/Business Equipment,2600.59745774658
2020-08,Rooms,30618.938107510934
2020-08,Services,4606.80785423
2020-08,Shoes,3667.493400462064
2020-08,Sports & Outdoors,12293.065372099034
2020-08,TV/Audio/Video,8562.47476710374
2020-08,Textbooks,77.29218361625806
2020-08,Tickets & Vouchers,128.6954467185161
2020-08,Tours and Holidays,488.0628484031936
2020-08,Watches & Fashion Accessories,6754.612014700645
2020-08,Wedding,153.25806451090327
2020-09,Accessories for Phones & Gadgets,2227.896746322133
2020-09,Accommodation & Homestays,3415.1674511892666
2020-09,Apartments,95845.13197895701
2020-09,Bags & Wallets,2487.7498163166665
2020-09,Bed & Bath,977.3450933629334
2020-09,Business for Sale,1492.1046494826996
2020-09,Cameras & Photography,4292.451866583468
2020-09,Car Accessories & Parts,35167.4016195455
2020-09,Cars,166843.32329198698
2020-09,Clothes,2807.434410464
2020-09,Commercial Properties,9424.227740289332
2020-09,Commercial Vehicle & Boats,6810.492576894467
2020-09,Computers & Accessories,15845.177271200268
2020-09,Food,1252.2512475649335
2020-09,Furniture & Decoration,10896.30380527653
2020-09,Games & Consoles,7479.8813567
2020-09,Garden Items,1544.5532820273331
2020-09,Health & Beauty,2222.391319858133
2020-09,Hobby & Collectibles,3368.3817036915993
2020-09,Home Appliances & Kitchen,13163.327344467734
2020-09,Houses,95843.80825015799
2020-09,Jobs,51244.96774896429
2020-09,Land,13978.7029805808
2020-09,Mobile Phones & Gadgets,95062.35584707085
2020-09,Moms & Kids,2555.8244211191663
2020-09,Motorcycle Accessories & Parts,8678.069480821332
2020-09,Motorcycles,57912.28075491167
2020-09,Music Instruments,1482.6846321896667
2020-09,Music/Movies/Books/Magazines,315.3559358640666
2020-09,Other Accessories & Parts,597.9523367281001
2020-09,Others,1133.6778825833335
2020-09,Pets,22318.173304505668
2020-09,Professional/Business Equipment,2590.3117403574665
2020-09,Rooms,32500.83886325273
2020-09,Services,4286.1000973295
2020-09,Shoes,3421.8043295840002
2020-09,Sports & Outdoors,10903.279887907831
2020-09,TV/Audio/Video,8426.466148344
2020-09,Textbooks,73.74519230119999
2020-09,Tickets & Vouchers,142.7308358988
2020-09,Tours and Holidays,332.3086298619
2020-09,Watches & Fashion Accessories,6141.600367201067
2020-09,Wedding,133.76474097693335
2020-10,Accessories for Phones & Gadgets,2304.9880965631933
2020-10,Accommodation & Homestays,1231.4634624752903
2020-10,Apartments,80988.80032593016
2020-10,Bags & Wallets,1747.114889767226
2020-10,Bed & Bath,957.2964700012905
2020-10,Business for Sale,1349.210892195161
2020-10,Cameras & Photography,3460.0263865042575
2020-10,Car Accessories & Parts,30253.13499428248
2020-10,Cars,148294.26219093625
2020-10,Clothes,2427.7847047767737
2020-10,Commercial Properties,7974.890413809677
2020-10,Commercial Vehicle & Boats,6528.162901456742
2020-10,Computers & Accessories,16360.259086073807
2020-10,Food,1156.526495728387
2020-10,Furniture & Decoration,9699.921468601291
2020-10,Games & Consoles,8701.394673536064
2020-10,Garden Items,1440.3000091025808
2020-10,Health & Beauty,3058.5766437563875
2020-10,Hobby & Collectibles,3351.4802450473544
2020-10,Home Appliances & Kitchen,12512.233143880258
2020-10,Houses,83633.2877358692
2020-10,Jobs,37467.05583656209
2020-10,Land,11734.665979234063
2020-10,Mobile Phones & Gadgets,90027.38446058278
2020-10,Moms & Kids,2282.5016377540646
2020-10,Motorcycle Accessories & Parts,8024.219644784516
2020-10,Motorcycles,50870.33053895197
2020-10,Music Instruments,1465.094312626129
2020-10,Music/Movies/Books/Magazines,304.22599800025813
2020-10,Other Accessories & Parts,532.4046740703872
2020-10,Others,946.8293958467742
2020-10,Pets,23533.36606561607
2020-10,Professional/Business Equipment,2203.8732002352253
2020-10,Rooms,24735.034068698842
2020-10,Services,3571.5055107633875
2020-10,Shoes,3020.1577917748386
2020-10,Sports & Outdoors,9391.50121618571
2020-10,TV/Audio/Video,7873.957879540387
2020-10,Textbooks,97.26333745948386
2020-10,Tickets & Vouchers,76.47207517722579
2020-10,Tours and Holidays,113.98460339241936
2020-10,Watches & Fashion Accessories,5634.542407959612
2020-10,Wedding,79.56539541406453
2020-11,Accessories for Phones & Gadgets,2216.0756806758
2020-11,Accommodation & Homestays,718.3974297804666
2020-11,Apartments,83587.80512113268
2020-11,Bags & Wallets,1443.3258207369333
2020-11,Bed & Bath,966.1480380985333
2020-11,Business for Sale,1203.6761405092334
2020-11,Cameras & Photography,3336.8221009397334
2020-11,Car Accessories & Parts,27903.98059983457
2020-11,Cars,135849.0126666023
2020-11,Clothes,2288.4095483120004
2020-11,Commercial Properties,8136.246020991334
2020-11,Commercial Vehicle & Boats,6317.816306773733
2020-11,Computers & Accessories,16512.4566082872
2020-11,Food,2174.004296702533
2020-11,Furniture & Decoration,10892.571916010664
2020-11,Games & Consoles,11840.603668700864
2020-11,Garden Items,1420.7906806546666
2020-11,Health & Beauty,2056.7297730888
2020-11,Hobby & Collectibles,3087.716966372134
2020-11,Home Appliances & Kitchen,12158.2013168012
2020-11,Houses,86863.99193897803
2020-11,Jobs,33887.552070865466
2020-11,Land,11447.26828090507
2020-11,Mobile Phones & Gadgets,84927.73766162148
2020-11,Moms & Kids,2187.096503881667
2020-11,Motorcycle Accessories & Parts,7060.6694042314675
2020-11,Motorcycles,46455.75923132557
2020-11,Music Instruments,1337.924943021
2020-11,Music/Movies/Books/Magazines,323.5237545144
2020-11,Other Accessories & Parts,439.28302023553334
2020-11,Others,971.6869020416667
2020-11,Pets,25293.482137615603
2020-11,Professional/Business Equipment,2130.3193091425337
2020-11,Rooms,24522.4241439741
2020-11,Services,3315.6729799796667
2020-11,Shoes,2567.0008522559997
2020-11,Sports & Outdoors,10535.566272024067
2020-11,TV/Audio/Video,7654.731486994665
2020-11,Textbooks,67.05576922479999
2020-11,Tickets & Vouchers,89.11306495379999
2020-11,Tours and Holidays,54.990367607433335
2020-11,Watches & Fashion Accessories,4794.1754741474
2020-11,Wedding,66.18133984013335
2020-12,Accessories for Phones & Gadgets,1901.808196850742
2020-12,Accommodation & Homestays,2860.135557613419
2020-12,Apartments,86506.68684461727
2020-12,Bags & Wallets,2544.3035576131615
2020-12,Bed & Bath,928.6244851785805
2020-12,Business for Sale,1285.6801693524192
2020-12,Cameras & Photography,3295.316879834839
2020-12,Car Accessories & Parts,30384.465258165546
2020-12,Cars,161028.40889794982
2020-12,Clothes,3315.6222001703227
2020-12,Commercial Properties,8790.35087346
2020-12,Commercial Vehicle & Boats,6699.372145724838
2020-12,Computers & Accessories,14333.57425327716
2020-12,Food,1867.2570837597416
2020-12,Furniture & Decoration,10354.691884621423
2020-12,Games & Consoles,11071.398930348065
2020-12,Garden Items,1392.1525181290324
2020-12,Health & Beauty,1718.5503399759998
2020-12,Hobby & Collectibles,3344.192266835097
2020-12,Home Appliances & Kitchen,10573.755675873677
2020-12,Houses,93661.63429597516
2020-12,Jobs,31476.04779666503
2020-12,Land,12798.172107991999
2020-12,Mobile Phones & Gadgets,80915.28019664709
2020-12,Moms & Kids,2704.163903995935
2020-12,Motorcycle Accessories & Parts,6867.430219369291
2020-12,Motorcycles,48714.65939458706
2020-12,Music Instruments,1254.0738083412905
2020-12,Music/Movies/Books/Magazines,422.5210725461935
2020-12,Other Accessories & Parts,501.4698393710967
2020-12,Others,1072.2982445362904
2020-12,Pets,24472.437685230456
2020-12,Professional/Business Equipment,2312.940628270194
2020-12,Rooms,25199.44977413619
2020-12,Services,3484.3582382519353
2020-12,Shoes,2765.2443012992258
2020-12,Sports & Outdoors,10022.614052034452
2020-12,TV/Audio/Video,7094.698723814966
2020-12,Textbooks,53.598945404516144
2020-12,Tickets & Vouchers,105.20513676296775
2020-12,Tours and Holidays,181.7020235122903
2020-12,Watches & Fashion Accessories,5609.299231626904
2020-12,Wedding,83.31906348935483
2021-01,Accessories for Phones & Gadgets,2054.816902447774
2021-01,Accommodation & Homestays,1201.3899375567098
2021-01,Apartments,90662.52368594355
2021-01,Bags & Wallets,2972.849305913741
2021-01,Bed & Bath,1101.313356939613
2021-01,Business for Sale,1261.7072055483227
2021-01,Cameras & Photography,3018.3872481672256
2021-01,Car Accessories & Parts,30349.58943101945
2021-01,Cars,184155.04143216775
2021-01,Clothes,2866.3317364851614
2021-01,Commercial Properties,7814.752096879356
2021-01,Commercial Vehicle & Boats,6492.71440390955
2021-01,Computers & Accessories,22571.496675288778
2021-01,Food,1408.1665555761288
2021-01,Furniture & Decoration,11859.890761367227
2021-01,Games & Consoles,13337.090114001487
2021-01,Garden Items,1417.977220962581
2021-01,Health & Beauty,1618.6019734601289
2021-01,Hobby & Collectibles,2984.0320203571614
2021-01,Home Appliances & Kitchen,11925.165903509158
2021-01,Houses,95861.60448654887
2021-01,Jobs,28897.791800871357
2021-01,Land,12802.972262145293
2021-01,Mobile Phones & Gadgets,93645.02570239503
2021-01,Moms & Kids,2772.0912768275166
2021-01,Motorcycle Accessories & Parts,7285.854503969033
2021-01,Motorcycles,59372.391441086766
2021-01,Music Instruments,1522.8270089641937
2021-01,Music/Movies/Books/Magazines,319.97255508187095
2021-01,Other Accessories & Parts,451.96640263503224
2021-01,Others,998.4995187903226
2021-01,Pets,25536.810485561742
2021-01,Professional/Business Equipment,2177.9696819301935
2021-01,Rooms,25758.450746676615
2021-01,Services,3204.923934798548
2021-01,Shoes,2859.0753648752257
2021-01,Sports & Outdoors,8430.751610465742
2021-01,TV/Audio/Video,8357.390744324646
2021-01,Textbooks,82.51271711419356
2021-01,Tickets & Vouchers,48.73176296690324
2021-01,Tours and Holidays,104.7322523640968
2021-01,Watches & Fashion Accessories,5038.441472025677
2021-01,Wedding,74.54492243606451
2021-02,Accessories for Phones & Gadgets,1742.3814935402859
2021-02,Accommodation & Homestays,593.42410332925
2021-02,Apartments,89223.60800534334
2021-02,Bags & Wallets,2205.0175007877856
2021-02,Bed & Bath,937.0916537367143
2021-02,Business for Sale,957.6483632701428
2021-02,Cameras & Photography,2295.79374326175
2021-02,Car Accessories & Parts,26147.378534498323
2021-02,Cars,140985.10468323634
2021-02,Clothes,2437.3504432808572
2021-02,Commercial Properties,7921.830565527142
2021-02,Commercial Vehicle & Boats,6927.507852276001
2021-02,Computers & Accessories,21285.87320595625
2021-02,Food,1262.7654292178572
2021-02,Furniture & Decoration,11216.139064950072
2021-02,Games & Consoles,9778.889673399286
2021-02,Garden Items,1488.2001010538213
2021-02,Health & Beauty,1327.5723424870002
2021-02,Hobby & Collectibles,2643.042254010357
2021-02,Home Appliances & Kitchen,11898.94139261307
2021-02,Houses,96968.28665135938
2021-02,Jobs,28268.77157018472
2021-02,Land,12253.903752651107
2021-02,Mobile Phones & Gadgets,77386.93420210428
2021-02,Moms & Kids,2354.835021905107
2021-02,Motorcycle Accessories & Parts,6533.3029577895
2021-02,Motorcycles,52691.65121689986
2021-02,Music Instruments,1106.1562341280357
2021-02,Music/Movies/Books/Magazines,265.6546145260714
2021-02,Other Accessories & Parts,392.9517211443214
2021-02,Others,970.1338470684643
2021-02,Pets,27453.594095406745
2021-02,Professional/Business Equipment,2129.418796695286
2021-02,Rooms,27334.708862162854
2021-02,Services,3538.733880939321
2021-02,Shoes,2351.0414803895715
2021-02,Sports & Outdoors,8161.238895100929
2021-02,TV/Audio/Video,7171.373222946714
2021-02,Textbooks,60.561813181142846
2021-02,Tickets & Vouchers,43.96456527907144
2021-02,Tours and Holidays,42.56714594903572
2021-02,Watches & Fashion Accessories,4170.774903975643
2021-02,Wedding,91.53615017671429
2021-03,Accessories for Phones & Gadgets,1241.6498439506775
2021-03,Accommodation & Homestays,1357.0070184471936
2021-03,Apartments,95289.5721066714
2021-03,Bags & Wallets,1774.9508781863226
2021-03,Bed & Bath,752.0482739907098
2021-03,Business for Sale,1099.2109480791933
2021-03,Cameras & Photography,2714.3288417880967
2021-03,Car Accessories & Parts,27593.9534359729
2021-03,Cars,182412.42482248213
2021-03,Clothes,1989.9183871943226
2021-03,Commercial Properties,10249.507519469806
2021-03,Commercial Vehicle & Boats,7426.954760322582
2021-03,Computers & Accessories,15181.530149866712
2021-03,Food,1048.0152861886452
2021-03,Furniture & Decoration,10717.320676700774
2021-03,Games & Consoles,8295.21717709213
2021-03,Garden Items,1478.8645823482902
2021-03,Health & Beauty,1075.7733139808063
2021-03,Hobby & Collectibles,2457.555953924291
2021-03,Home Appliances & Kitchen,11024.100663908583
2021-03,Houses,99717.22829997787
2021-03,Jobs,29483.962747341382
2021-03,Land,12318.055524905805
2021-03,Mobile Phones & Gadgets,68349.82072554814
2021-03,Moms & Kids,1873.085263419355
2021-03,Motorcycle Accessories & Parts,5377.923469092323
2021-03,Motorcycles,57546.4226897689
2021-03,Music Instruments,1039.2184427298387
2021-03,Music/Movies/Books/Magazines,203.06217796361287
2021-03,Other Accessories & Parts,325.0192595279677
2021-03,Others,856.0815937812582
2021-03,Pets,23400.561191413355
2021-03,Professional/Business Equipment,2211.7724476999356
2021-03,Rooms,30085.52306171055
2021-03,Services,3689.8933519929037
2021-03,Shoes,2262.771699387871
2021-03,Sports & Outdoors,7521.3885644518705
2021-03,TV/Audio/Video,5852.941063659999
2021-03,Textbooks,62.34646401380646
2021-03,Tickets & Vouchers,40.201213849161284
2021-03,Tours and Holidays,92.89491874258063
2021-03,Watches & Fashion Accessories,3796.627141605936
2021-03,Wedding,86.39040394438709
